carat,clarity,color,cut,price,
0.24,VVS2,G,Very Good,379,4.22E-05
0.4,VS2,H,Very Good,605,0.000257643
3.35,IF,F,Good,56151,0.000366029
0.61,VS2,G,Ideal,1947,0.001272424
0.4,VVS1,J,Ideal,684,0.001329828
0.5,VS1,E,Very Good,1553,0.001415014
1.76,VS1,D,Ideal,24451,0.001777833
1.02,SI1,J,Very Good,3958,0.002569623
0.7,SI1,F,Very Good,2091,0.003658956
1.01,VS1,H,Very Good,6079,0.00492266
0.3,VS2,J,Ideal,369,0.005004893
0.3,SI1,G,Very Good,505,0.007390858
0.5,VVS1,D,Very Good,1695,0.008092505
0.3,SI1,F,Ideal,563,0.008931306
5.77,VVS1,F,Very Good,227960,0.010626002
0.4,VVS2,F,Ideal,859,0.011652286
0.5,VVS2,I,Ideal,1315,0.013562592
0.32,VS1,H,Ideal,671,0.013632267
0.3,VS1,I,Ideal,583,0.014772127
0.51,VVS2,G,Very Good,1370,0.015067294
0.31,SI1,I,Ideal,427,0.015259037
0.7,VS2,D,Very Good,2162,0.015267058
1.51,VVS1,E,Ideal,16977,0.016454844
0.8,SI1,D,Ideal,3312,0.017883375
0.5,VVS2,H,Ideal,1590,0.018275638
0.5,SI2,D,Very Good,861,0.018614602
0.4,VS2,J,Very Good,597,0.019267575
0.35,VVS2,D,Ideal,860,0.019368647
1.03,SI1,G,Ideal,6229,0.019669705
0.3,SI2,H,Ideal,408,0.019810107
0.31,VVS1,H,Ideal,676,0.019887001
0.51,VS2,I,Ideal,1247,0.020583169
1.7,VS1,H,Ideal,13537,0.02095456
0.24,VVS1,E,Ideal,577,0.021292818
0.32,SI1,I,Ideal,441,0.021318022
0.33,VS2,I,Ideal,509,0.021339705
0.27,VVS2,E,Ideal,670,0.021712156
1.53,SI1,G,Ideal,11150,0.022038958
0.41,SI1,I,Ideal,700,0.022056478
0.7,VS2,E,Very Good,3193,0.022540824
0.6,VS2,H,Ideal,2212,0.022709647
0.4,VVS2,G,Ideal,866,0.022802133
0.5,IF,F,Very Good,1427,0.022847943
0.5,VS1,G,Ideal,1499,0.023171759
1.2,VVS2,J,Ideal,5391,0.0231747
0.51,VS2,E,Ideal,1470,0.023462121
0.23,SI1,D,Ideal,381,0.023581205
2.51,SI1,J,Very Good,14513,0.02359741
0.75,SI1,E,Very Good,2383,0.024457221
1.06,SI2,D,Very Good,3244,0.025302057
1,VS1,G,Good,4865,0.025386813
0.5,VS1,D,Very Good,1534,0.027628003
0.5,VS1,G,Very Good,1081,0.028309071
0.36,VS1,I,Ideal,562,0.028362857
0.3,VS2,F,Very Good,428,0.028437092
0.35,VS2,G,Ideal,537,0.028964211
0.5,SI2,I,Very Good,894,0.029152847
6,VVS1,G,Good,165766,0.031001977
0.55,VS1,H,Ideal,1601,0.031074256
0.47,VS2,G,Ideal,961,0.031392845
0.3,SI2,D,Ideal,399,0.031453167
0.5,VVS1,I,Ideal,1450,0.031891835
0.26,VS2,D,Ideal,557,0.03288666
1.4,IF,D,Ideal,22412,0.034418092
2.17,VS2,F,Very Good,22728,0.036308609
0.36,SI2,E,Ideal,682,0.036511063
0.31,SI2,I,Very Good,404,0.036883645
1,SI2,F,Very Good,3079,0.037330701
0.36,IF,F,Ideal,950,0.037750277
0.51,SI2,H,Ideal,1139,0.038294367
0.32,VVS1,E,Very Good,760,0.0389042
0.3,SI1,H,Very Good,412,0.0391027
0.54,VVS2,G,Very Good,2035,0.039148326
1.03,VS1,F,Ideal,8096,0.040048548
1.01,SI1,G,Very Good,3878,0.040432786
2.5,VS1,F,Very Good,27944,0.041780845
0.5,SI2,H,Ideal,1160,0.041810808
0.5,SI1,D,Ideal,1457,0.042931894
3.08,SI1,I,Very Good,21412,0.043289226
0.44,SI1,J,Ideal,576,0.043375225
0.57,VS1,H,Ideal,1695,0.043957905
0.56,VS1,I,Good,1098,0.044265964
0.9,VS1,D,Ideal,6634,0.04441104
1.01,VS2,G,Very Good,4992,0.044589381
0.96,VVS1,D,Ideal,8412,0.046533907
0.5,SI1,D,Ideal,1428,0.047928346
0.6,SI1,E,Ideal,1746,0.048126033
1.17,VS1,G,Ideal,9094,0.048172449
0.81,VS2,F,Astor Ideal,4985,0.049421754
0.35,VS2,F,Ideal,648,0.050292794
0.78,VS2,D,Astor Ideal,3114,0.051106696
0.5,VS2,H,Very Good,1223,0.051112452
0.63,SI1,E,Very Good,1397,0.051923875
1.02,VS1,F,Ideal,7343,0.052193175
1.01,VVS2,H,Very Good,4019,0.052437863
0.4,VS1,G,Very Good,773,0.052726673
0.3,VVS2,E,Ideal,794,0.054135962
0.3,VVS2,G,Very Good,506,0.054155068
0.5,VVS2,I,Good,1098,0.054389105
0.54,VVS2,G,Ideal,1959,0.054430582
0.9,SI2,E,Very Good,2943,0.05514122
0.5,VS2,F,Ideal,1512,0.055572902
0.5,VVS1,F,Ideal,1742,0.055622566
0.5,SI1,G,Ideal,1335,0.056773863
0.5,VS2,E,Ideal,1602,0.057139815
0.3,SI2,F,Ideal,427,0.057922358
0.5,VS1,G,Very Good,1383,0.059344734
0.54,VVS2,G,Ideal,1654,0.059392861
0.55,VS2,E,Ideal,1625,0.059506991
1.53,SI1,F,Ideal,14589,0.059522299
0.24,IF,F,Ideal,538,0.059615983
1.08,VVS2,E,Astor Ideal,7305,0.059672699
0.6,SI1,I,Ideal,1721,0.060489959
0.34,VS2,G,Ideal,616,0.060548164
2.52,VS2,D,Ideal,32095,0.060730391
0.3,VS1,I,Ideal,493,0.060782566
0.41,VVS1,I,Ideal,818,0.06158091
0.3,VS1,I,Very Good,465,0.061924358
1.01,VS2,D,Ideal,8063,0.062109897
0.5,VS2,F,Ideal,1393,0.06239355
0.28,SI2,F,Very Good,368,0.062867492
2.02,SI1,H,Very Good,12917,0.063098842
0.51,SI1,F,Ideal,1168,0.064025858
0.3,SI1,F,Ideal,472,0.065712699
0.7,VVS2,G,Ideal,2846,0.066311786
0.32,VS2,I,Ideal,528,0.067343737
0.51,VS1,I,Very Good,1243,0.067421094
2.12,VVS1,H,Ideal,25995,0.068069361
3.03,VVS2,D,Ideal,108560,0.070184768
0.53,IF,D,Very Good,1642,0.072094025
0.25,IF,E,Ideal,661,0.072146106
0.91,SI2,I,Ideal,2978,0.072389641
0.94,VVS2,J,Very Good,2818,0.072747824
0.52,VS2,D,Very Good,994,0.073590075
0.8,SI2,F,Ideal,2549,0.073614253
1.21,VVS2,D,Good,5284,0.073615791
0.32,SI2,D,Ideal,483,0.073886229
0.44,VS1,E,Ideal,1037,0.074850473
0.3,VS1,E,Very Good,466,0.075381463
0.5,SI1,F,Ideal,1444,0.076185149
0.71,SI2,I,Astor Ideal,1455,0.077566352
0.4,VS2,G,Very Good,867,0.077716781
0.3,VS1,F,Ideal,556,0.078904778
1.02,SI1,E,Very Good,4855,0.079085351
0.3,IF,G,Very Good,563,0.079135782
0.5,SI1,E,Ideal,1360,0.079386611
0.45,VVS1,D,Ideal,1169,0.079989721
1.92,SI1,I,Ideal,14802,0.080330273
0.51,SI2,J,Ideal,977,0.081276053
0.5,VS2,E,Very Good,1069,0.085227603
1,SI1,G,Ideal,5894,0.085436459
0.31,SI1,G,Ideal,478,0.085648847
0.7,VS2,D,Good,2235,0.085918989
1.2,VS1,D,Very Good,12046,0.086553094
0.35,VS2,E,Ideal,589,0.08690546
0.5,SI2,H,Very Good,974,0.087475841
0.3,VS1,F,Ideal,538,0.087611895
0.6,SI2,I,Ideal,1212,0.088135777
0.7,SI2,F,Very Good,1755,0.090127182
0.3,VS1,H,Very Good,545,0.090365003
0.31,VVS1,I,Ideal,611,0.090872219
0.51,VS1,G,Very Good,1404,0.091876148
0.35,VS2,H,Ideal,547,0.092381287
0.4,VVS2,H,Very Good,604,0.092817665
1.01,VS2,E,Very Good,6466,0.093300742
0.3,SI2,F,Ideal,400,0.093548301
0.45,SI2,G,Ideal,734,0.093692564
0.5,VVS2,E,Ideal,1848,0.093803889
1.4,VS2,G,Ideal,10582,0.094050811
0.9,VS2,E,Very Good,4485,0.094402773
0.61,VVS1,D,Ideal,3767,0.095144569
0.46,SI2,E,Ideal,957,0.095312574
0.5,SI1,D,Ideal,1308,0.0955065
0.57,VS2,H,Ideal,1629,0.09551185
4.01,VS2,E,Very Good,78934,0.095840935
1,VVS2,D,Good,4683,0.095988948
0.34,SI1,E,Ideal,629,0.096212422
0.5,VS2,F,Ideal,1439,0.097034733
0.7,VVS2,I,Very Good,2322,0.097410652
0.4,VVS2,D,Ideal,1005,0.097986443
0.3,SI2,G,Ideal,442,0.098282604
2.01,VVS1,D,Very Good,27472,0.098400559
0.51,SI2,F,Ideal,1181,0.09910035
0.55,VVS2,G,Ideal,1619,0.099287711
0.52,SI2,H,Ideal,1138,0.099426792
0.55,VS1,D,Ideal,2026,0.099539593
0.25,VVS2,E,Ideal,560,0.099549889
0.75,SI1,J,Ideal,1894,0.099641089
0.32,VS2,G,Ideal,527,0.099964698
0.8,VS1,E,Ideal,3914,0.100970338
0.4,SI1,E,Ideal,783,0.101387474
0.4,SI1,G,Ideal,671,0.10173171
0.55,VS2,D,Ideal,1563,0.10213118
0.46,SI2,D,Good,878,0.102155566
0.88,IF,E,Ideal,7582,0.102717422
0.36,SI1,I,Ideal,537,0.102842422
1,SI2,J,Ideal,3991,0.102868811
0.7,VS2,E,Very Good,3014,0.103589425
0.9,SI1,E,Very Good,3254,0.104541462
1.01,VVS1,D,Very Good,5345,0.105151089
0.43,VS1,E,Very Good,991,0.10603052
0.4,SI1,D,Ideal,847,0.10625706
0.7,VS1,E,Ideal,3011,0.10638883
2.2,VS1,D,Very Good,25863,0.10817924
0.7,SI2,D,Good,1504,0.108689287
1.01,SI2,H,Ideal,4625,0.108717647
0.3,VS2,E,Ideal,501,0.109213967
0.53,VVS1,E,Ideal,2151,0.110315368
0.5,SI1,D,Good,1389,0.111695901
0.4,VS1,H,Very Good,702,0.112266917
0.73,SI1,G,Very Good,1688,0.113130224
0.99,SI1,G,Very Good,4491,0.113458194
0.3,IF,F,Ideal,635,0.113701573
1,SI1,I,Ideal,5074,0.113886408
2.2,VS2,F,Very Good,22322,0.113900037
0.3,SI1,G,Ideal,547,0.114482407
0.5,VS2,I,Ideal,1307,0.115063012
0.5,VVS2,D,Very Good,1337,0.115212268
0.35,VS2,D,Ideal,711,0.115221847
0.71,VS1,J,Good,1634,0.115466957
1.01,SI1,D,Ideal,6058,0.116625969
1,SI1,G,Ideal,6323,0.116820262
0.71,VVS2,I,Very Good,2484,0.116826767
0.4,VS1,G,Very Good,767,0.116872767
0.35,VVS1,F,Ideal,910,0.118462079
1.23,VVS2,J,Ideal,6373,0.120065384
0.75,VS2,G,Very Good,2475,0.120193405
0.4,SI1,H,Ideal,765,0.121170827
1.33,VS1,E,Ideal,12074,0.12169281
1.06,SI2,H,Ideal,4718,0.121751014
1,SI1,I,Very Good,4113,0.121904196
0.38,VS2,D,Ideal,740,0.12243563
0.7,VS2,E,Ideal,2940,0.123371737
1.01,VS2,I,Ideal,5773,0.123517046
0.3,VS2,D,Ideal,531,0.123798939
0.91,SI1,I,Ideal,3661,0.124119113
0.32,VS2,J,Ideal,440,0.124120447
1.06,VS1,F,Very Good,5753,0.124979721
0.32,VS2,D,Ideal,641,0.125046909
0.5,SI2,H,Ideal,1072,0.125418931
0.3,VVS2,G,Ideal,555,0.125598449
1.5,SI2,H,Ideal,8563,0.125910502
0.5,SI1,I,Very Good,1189,0.125955738
0.54,SI2,I,Ideal,1061,0.126191989
0.71,VVS2,G,Very Good,2580,0.126883722
1.23,VS2,F,Ideal,11710,0.127752993
0.5,SI1,D,Ideal,1782,0.127797783
0.5,SI1,I,Ideal,1089,0.127820015
0.4,VS2,I,Very Good,411,0.12828572
0.5,VS1,D,Very Good,1972,0.128372892
0.43,SI2,I,Ideal,642,0.128794882
0.36,VS2,G,Very Good,659,0.129675536
0.56,VVS2,F,Ideal,1845,0.130390164
0.5,VS2,E,Good,991,0.130817486
0.37,SI2,F,Very Good,515,0.130963307
0.7,VVS1,F,Ideal,3282,0.131523581
0.5,VS1,I,Ideal,1287,0.133468889
0.34,IF,F,Ideal,1037,0.133702388
0.35,SI1,D,Ideal,614,0.133813864
0.23,VVS1,D,Ideal,615,0.133927546
0.3,VS2,E,Ideal,533,0.134939479
0.3,VS1,I,Very Good,419,0.135381512
0.51,VS2,I,Ideal,1334,0.137155516
0.3,SI1,I,Ideal,415,0.137339229
0.7,VS2,F,Ideal,2793,0.137496591
0.3,VS1,F,Ideal,577,0.138441593
1.01,SI2,E,Very Good,2681,0.138781901
1.2,VS2,J,Ideal,5514,0.13893259
0.8,VVS2,H,Ideal,3418,0.140135785
0.5,SI2,D,Very Good,1131,0.141044618
0.3,VVS1,E,Ideal,578,0.141060117
0.53,VVS1,F,Very Good,2056,0.142048718
0.6,SI1,G,Very Good,1452,0.144379181
0.4,VS1,E,Ideal,932,0.144609212
0.36,VVS2,D,Ideal,809,0.144735724
0.5,SI2,G,Very Good,1077,0.145322971
2.02,SI1,G,Ideal,18546,0.145769937
0.51,SI1,G,Good,889,0.146027013
6.01,SI1,H,Very Good,134856,0.146185943
0.5,VS1,G,Very Good,1445,0.147084602
0.5,VS1,D,Very Good,1664,0.147772544
0.5,VS2,F,Good,922,0.147998926
0.4,VS1,H,Ideal,808,0.150425726
0.52,IF,F,Very Good,1589,0.150701031
0.3,VS2,H,Very Good,464,0.151388009
0.62,VVS1,D,Very Good,3002,0.151679568
1.01,VVS2,E,Very Good,6987,0.154770463
0.56,VS1,I,Ideal,1515,0.155163478
1,VS2,E,Very Good,6073,0.155604679
0.3,VVS1,D,Ideal,679,0.156045559
0.53,VS2,E,Ideal,1621,0.156199196
0.62,VS1,D,Ideal,1951,0.156303893
0.7,VS1,D,Ideal,2755,0.156519534
0.4,SI1,J,Very Good,591,0.156788236
1,VS1,E,Very Good,5237,0.156992984
2,VVS1,G,Ideal,27982,0.157357126
0.61,SI2,F,Ideal,1420,0.157857989
0.3,IF,D,Ideal,872,0.158819188
0.36,VS2,G,Ideal,608,0.159052825
0.51,SI1,E,Ideal,1481,0.159233994
0.4,VS1,H,Ideal,935,0.159565333
0.35,SI1,D,Ideal,612,0.159588719
0.41,VS1,G,Ideal,900,0.159863275
0.64,VVS2,D,Very Good,1340,0.160592287
0.3,VS1,E,Ideal,587,0.161000916
0.56,VVS2,E,Ideal,1987,0.161922789
1,VVS1,I,Ideal,5455,0.162335954
3.01,VVS2,H,Very Good,40514,0.162553826
0.53,VVS2,G,Ideal,1587,0.163779962
1.01,SI1,F,Good,4300,0.164197925
0.54,SI1,E,Very Good,1541,0.164552492
0.3,SI2,G,Ideal,408,0.164603791
0.5,VS1,J,Good,1077,0.1649018
0.5,VS2,H,Ideal,1284,0.165296075
0.73,VS1,D,Ideal,3499,0.165785634
2.1,VS2,E,Ideal,27997,0.165820148
0.57,SI1,G,Ideal,1474,0.166074324
0.7,SI2,D,Very Good,2124,0.169034721
0.5,VS2,F,Good,1294,0.169147992
1.3,VS2,G,Ideal,9430,0.17109963
1.7,VS1,F,Ideal,14391,0.17187621
0.9,SI1,I,Very Good,2298,0.173283948
1.01,SI1,H,Ideal,5349,0.173333087
0.31,VVS1,D,Very Good,670,0.173532533
0.31,VVS1,G,Ideal,579,0.174685129
1.01,VS1,D,Very Good,8287,0.174786584
0.7,VS1,G,Ideal,2956,0.175761663
0.63,IF,G,Ideal,2225,0.176324128
0.5,VVS2,I,Ideal,1398,0.177913619
1.71,VS2,F,Ideal,15411,0.178864193
0.5,VS2,D,Ideal,1464,0.179304317
0.3,VS1,E,Ideal,527,0.179855464
1.05,SI1,F,Astor Ideal,7312,0.179927073
0.41,VS2,F,Ideal,844,0.180288525
0.39,VS2,D,Good,808,0.18046427
0.7,SI2,D,Good,1854,0.1815877
0.73,IF,H,Ideal,3015,0.182833963
0.3,VVS2,H,Ideal,652,0.183159013
7.09,VS2,E,Ideal,345397,0.183198373
1.38,SI1,H,Ideal,7668,0.183507282
0.33,SI2,H,Ideal,454,0.183619145
0.7,VVS2,H,Ideal,2538,0.183621752
0.3,VS1,I,Ideal,539,0.183643981
4.26,VS1,E,Ideal,139727,0.183773361
0.4,VS1,H,Ideal,889,0.185209587
0.6,VVS1,G,Very Good,1752,0.185966149
0.82,VS2,E,Very Good,3298,0.186653357
0.3,SI2,F,Ideal,394,0.186952838
0.9,VVS2,J,Very Good,2978,0.187200711
1.1,SI1,G,Ideal,7377,0.188118816
0.33,VS2,H,Ideal,621,0.189032113
0.3,SI1,E,Very Good,428,0.18988556
1.2,VVS1,F,Ideal,10368,0.190216787
0.6,VVS1,G,Very Good,1962,0.191916953
1.4,VS2,F,Ideal,11520,0.192187557
0.48,VS1,D,Ideal,1523,0.192523899
0.43,SI1,J,Ideal,666,0.192556194
0.7,SI2,I,Very Good,1604,0.193621107
0.42,SI2,I,Ideal,623,0.193717314
0.52,SI1,D,Very Good,1357,0.194082911
0.37,VS1,E,Ideal,705,0.194576857
0.47,IF,J,Ideal,1012,0.194765123
0.54,VS1,I,Ideal,1300,0.196562063
2.26,IF,D,Ideal,68173,0.197181757
1.01,VS1,F,Very Good,5749,0.19750191
1.21,VS1,J,Astor Ideal,5154,0.198027145
0.4,VS1,F,Ideal,880,0.198274085
3.01,SI1,H,Good,33116,0.198475004
1,SI1,H,Very Good,5344,0.198482313
0.4,VVS2,G,Very Good,856,0.200925862
1.43,VS1,G,Ideal,12246,0.201076665
0.4,SI2,G,Very Good,697,0.201221505
0.6,VS2,J,Very Good,1293,0.201334705
0.41,VS1,F,Very Good,901,0.201623602
0.53,VVS1,H,Ideal,1520,0.202057707
0.43,VS1,E,Ideal,886,0.202308399
1.3,VVS1,E,Ideal,11366,0.204002373
0.55,VVS1,G,Very Good,1411,0.204254118
0.3,SI2,E,Ideal,390,0.204771946
2.18,VS2,J,Ideal,14868,0.204866498
2.04,VS1,F,Very Good,21395,0.204984202
0.29,VVS1,D,Ideal,739,0.205154099
0.5,SI1,H,Good,1127,0.205803013
5.22,FL,D,Very Good,355403,0.207089914
0.4,VS1,D,Very Good,901,0.207304902
0.53,VS1,D,Ideal,1669,0.207898349
0.41,VVS1,H,Ideal,898,0.209077374
1,VS1,F,Ideal,7046,0.209597021
5.09,SI1,I,Ideal,69144,0.209908989
1.75,SI1,H,Ideal,13006,0.210228661
4.06,VS2,J,Ideal,40184,0.210512569
0.5,VVS1,J,Very Good,1216,0.210912248
1.31,VVS2,G,Ideal,12297,0.211002469
0.5,SI2,G,Ideal,1008,0.211390322
0.25,VS2,F,Ideal,515,0.211473105
0.32,SI1,E,Ideal,546,0.21277626
0.7,VVS1,J,Ideal,2117,0.213600444
0.42,SI2,J,Ideal,542,0.214144326
0.5,VVS2,D,Ideal,2104,0.214253486
2.02,VS1,D,Astor Ideal,46893,0.214919124
1.01,SI1,E,Ideal,6097,0.215021317
0.36,IF,I,Ideal,715,0.215385475
1,SI2,J,Very Good,3222,0.216124555
0.3,VS2,E,Ideal,552,0.217116932
0.8,SI1,J,Very Good,1653,0.217200943
0.3,SI2,G,Very Good,463,0.217620906
0.5,VVS2,I,Very Good,1284,0.217829819
0.4,VVS2,I,Ideal,812,0.218232652
2.01,VS2,E,Very Good,19472,0.218330912
0.79,SI1,D,Good,2717,0.218897748
0.72,SI1,F,Good,1702,0.219030136
0.91,VVS1,D,Very Good,5380,0.219240688
0.9,VVS2,D,Ideal,6505,0.2197915
1.54,VVS2,F,Ideal,14473,0.220857603
0.45,VVS1,J,Very Good,862,0.221193517
1,SI1,G,Ideal,5885,0.221726198
1,SI2,F,Ideal,4362,0.224315281
0.7,VVS1,I,Very Good,2144,0.224595652
0.56,VS1,F,Ideal,1727,0.225110484
0.33,VVS1,G,Ideal,613,0.225347725
0.56,VS1,H,Ideal,1520,0.22651119
0.3,SI1,H,Ideal,496,0.22728107
1.4,SI2,E,Ideal,8161,0.227357804
0.5,SI1,F,Very Good,1168,0.227697455
0.8,VVS1,J,Ideal,2365,0.228902286
0.3,SI2,H,Very Good,326,0.228977675
0.33,SI1,F,Ideal,577,0.228978812
0.9,VS1,H,Ideal,5259,0.22921818
0.5,SI1,I,Good,1067,0.229320035
2.03,VVS2,E,Ideal,44964,0.229959412
0.4,VVS2,H,Ideal,896,0.230350709
0.23,IF,G,Ideal,475,0.230819717
0.58,SI2,F,Ideal,1292,0.2316715
1.02,VVS1,D,Ideal,9689,0.232703
0.25,VVS2,D,Ideal,644,0.232974973
1,VS1,E,Ideal,6965,0.233187454
0.3,VVS2,D,Ideal,643,0.234407887
0.51,VS1,D,Very Good,872,0.234722249
0.51,SI2,F,Very Good,914,0.234759716
1.12,SI1,J,Ideal,4474,0.235427559
1.2,SI2,I,Ideal,5372,0.236958499
0.91,SI1,F,Good,3913,0.237816851
0.34,SI2,F,Ideal,483,0.238445369
0.53,VS2,D,Ideal,1847,0.238458753
0.41,VVS1,G,Very Good,821,0.239175429
0.5,VVS1,I,Good,1049,0.239412874
0.56,SI1,I,Ideal,1378,0.239435661
0.7,SI2,E,Very Good,1737,0.239687089
1.25,SI2,J,Very Good,5198,0.239785257
1.01,VVS1,F,Astor Ideal,6913,0.239969282
0.5,SI2,I,Ideal,1049,0.241408661
1.37,VS1,D,Ideal,15277,0.241695357
1.2,SI1,H,Ideal,6385,0.242066268
0.5,VS2,I,Very Good,1184,0.24239374
0.34,VS2,G,Ideal,566,0.242459172
0.46,VVS1,H,Good,825,0.243038673
0.31,VVS2,F,Very Good,508,0.244101196
2.01,VVS1,F,Very Good,28117,0.244294793
0.31,SI1,D,Ideal,516,0.245630835
1.02,SI1,G,Very Good,3278,0.245937898
0.33,VS1,E,Ideal,611,0.247415525
1,VS1,D,Very Good,8762,0.248036928
0.5,VS2,I,Ideal,1313,0.250182165
0.7,VS1,F,Good,2484,0.25020125
0.5,SI1,F,Very Good,1285,0.250249122
0.31,SI2,F,Very Good,403,0.25048301
1.04,SI1,D,Good,4167,0.250700666
0.5,VS2,F,Very Good,1393,0.250881953
0.51,VS2,F,Very Good,954,0.251100749
0.7,VS1,F,Ideal,2924,0.251593578
0.9,SI2,F,Very Good,1928,0.251941596
0.54,VS1,G,Ideal,1610,0.25233339
1.02,VS2,G,Good,5981,0.252755841
0.7,VS2,F,Good,2301,0.252948936
0.34,SI2,F,Ideal,468,0.252952316
0.57,VS2,F,Ideal,1570,0.253993258
0.35,VS2,H,Ideal,697,0.254104856
0.3,VVS2,F,Ideal,530,0.254292074
0.3,VVS2,G,Ideal,555,0.254794398
0.7,SI1,D,Ideal,2321,0.255570633
1,SI1,H,Good,3883,0.258123534
0.5,VS1,J,Ideal,1137,0.258133157
0.23,VS1,F,Astor Ideal,587,0.258202768
0.5,IF,H,Very Good,1384,0.258438968
0.6,SI2,I,Ideal,1272,0.25869512
2.01,VS2,E,Very Good,22634,0.259035834
0.4,VS2,G,Ideal,871,0.259308964
0.3,VS1,E,Ideal,581,0.260036842
0.62,SI2,J,Ideal,1252,0.260761014
1.02,VS2,F,Very Good,4318,0.260761165
0.3,VS2,H,Very Good,459,0.261227015
0.7,SI1,D,Very Good,2120,0.261298627
0.61,IF,E,Ideal,3280,0.262058043
0.4,VS1,I,Very Good,727,0.262228486
0.33,VS1,G,Very Good,429,0.263660619
1.75,VS2,E,Good,14035,0.264310211
0.31,VS2,H,Ideal,449,0.266009575
0.51,VS2,E,Ideal,1522,0.266464664
1.04,VVS1,G,Good,5301,0.267005488
0.7,SI2,H,Ideal,1742,0.267372082
0.7,VS1,D,Ideal,2928,0.267399067
0.62,VS2,F,Ideal,2056,0.267504287
0.33,VS1,H,Ideal,605,0.26759177
0.79,VVS1,E,Ideal,5036,0.268297496
0.54,IF,I,Ideal,1428,0.268963609
0.35,VVS2,I,Ideal,651,0.26977238
0.24,IF,D,Ideal,716,0.269837236
1.3,VS1,D,Ideal,13851,0.270288525
0.52,VS2,H,Ideal,1543,0.270441786
1.5,VVS1,I,Very Good,8347,0.271037557
1.01,VVS2,D,Very Good,6039,0.271138961
0.3,VVS2,G,Very Good,412,0.272408866
1,VVS2,J,Very Good,3059,0.27284451
5.22,VS2,H,Ideal,118725,0.273574949
0.53,VS2,I,Ideal,1296,0.274810592
1.22,VS1,G,Very Good,7291,0.274874074
1.01,VS2,J,Very Good,2262,0.275075287
0.61,VS1,F,Very Good,2018,0.275452323
0.3,VVS2,I,Ideal,514,0.276477075
0.32,VVS1,E,Ideal,747,0.277227499
0.8,SI1,E,Ideal,2729,0.278075424
0.45,VVS2,G,Ideal,1037,0.27849172
0.54,VVS1,D,Ideal,2443,0.278525677
0.32,VS2,D,Ideal,619,0.278572328
0.53,VS2,D,Astor Ideal,1702,0.27871451
1.01,SI2,D,Good,3102,0.2793332
0.58,VVS2,I,Ideal,1580,0.279503158
0.4,SI2,G,Very Good,565,0.279654722
0.73,SI2,E,Very Good,1690,0.280219727
0.57,VVS1,G,Ideal,1745,0.280910743
1.22,VVS2,G,Ideal,9233,0.28282926
1,VS1,I,Very Good,5145,0.283045312
0.3,SI1,G,Ideal,448,0.283195791
0.7,SI2,F,Ideal,2087,0.283925554
0.72,VS2,G,Ideal,2691,0.2843931
0.4,SI1,H,Very Good,726,0.284730089
0.29,VS2,E,Very Good,546,0.28514883
0.38,VVS2,H,Ideal,728,0.285555891
0.5,VS1,I,Ideal,1265,0.286091852
0.26,VVS1,D,Ideal,685,0.286791074
0.5,VS1,D,Very Good,1454,0.286864736
0.3,VVS2,I,Ideal,528,0.287253113
0.64,VVS2,G,Ideal,2198,0.289727802
0.62,VS2,I,Ideal,1324,0.29082582
0.5,VS2,F,Very Good,1348,0.290872971
2.3,VS1,I,Ideal,21954,0.291677363
0.5,VVS1,I,Ideal,1141,0.291829853
0.5,VVS2,I,Ideal,1278,0.292330923
0.5,SI1,D,Ideal,1658,0.292900146
1.31,VS1,H,Ideal,9039,0.293341435
0.5,VVS2,G,Very Good,1378,0.294780488
0.7,SI1,H,Good,2364,0.296750522
0.81,SI2,G,Very Good,1462,0.297071059
0.77,SI1,D,Ideal,3058,0.298964328
0.36,SI1,F,Ideal,648,0.299529556
2.01,VS2,G,Very Good,18044,0.299728516
0.46,VS2,H,Ideal,1079,0.300059211
1,SI1,H,Ideal,5381,0.301055903
0.36,VVS1,G,Ideal,661,0.301268863
4.36,VS1,D,Ideal,169795,0.302010254
0.41,VS2,G,Ideal,810,0.302539924
0.51,SI2,J,Ideal,876,0.302778397
1.5,VS2,H,Very Good,9628,0.304156488
1.4,VS2,J,Ideal,7265,0.30427087
0.3,SI2,F,Very Good,404,0.304355437
0.61,SI1,I,Astor Ideal,1901,0.307060559
0.5,SI2,F,Very Good,1035,0.307130682
0.5,VVS2,J,Very Good,1208,0.307325653
0.42,SI1,E,Ideal,822,0.309199548
0.32,VVS1,E,Ideal,707,0.309596817
0.3,VVS2,J,Very Good,460,0.310179567
0.3,SI1,F,Ideal,472,0.31042739
0.34,VVS2,G,Ideal,654,0.311879092
2,VS1,I,Ideal,19936,0.312203186
0.5,VS2,D,Ideal,1594,0.312857891
0.51,SI1,H,Ideal,1436,0.313243742
0.55,VS2,F,Ideal,1583,0.314955276
0.46,VS1,J,Very Good,767,0.315323023
0.55,VS2,F,Ideal,1575,0.315422611
0.4,VS2,E,Very Good,846,0.315872328
0.3,VVS2,H,Ideal,545,0.316380534
0.23,VS1,I,Astor Ideal,520,0.317256123
1.5,SI1,G,Very Good,9398,0.31735941
1.9,SI1,E,Very Good,16522,0.317972602
0.7,VVS2,H,Very Good,2306,0.318711729
0.43,IF,D,Ideal,1463,0.31898881
0.35,VVS1,J,Ideal,612,0.31933466
0.24,VVS1,F,Ideal,603,0.319863702
0.51,VVS1,G,Ideal,1599,0.320893418
0.3,SI1,D,Ideal,490,0.321127514
1,SI2,J,Ideal,3705,0.321567987
0.57,VVS2,E,Ideal,1884,0.321794117
0.3,IF,G,Ideal,623,0.3223452
0.5,IF,G,Very Good,1095,0.322813528
0.5,VS1,F,Ideal,1627,0.322967462
0.31,SI2,H,Ideal,411,0.322996255
1,VVS2,D,Very Good,8897,0.323131886
1.05,VVS1,J,Ideal,5069,0.323299288
1,VS1,I,Ideal,5359,0.323318737
5,VVS2,D,Good,152210,0.323851627
0.5,SI1,F,Ideal,1374,0.324014246
0.3,VS1,G,Very Good,529,0.324331508
2.01,SI1,D,Ideal,25241,0.324341584
1.01,VS1,F,Very Good,6376,0.324674992
0.38,SI2,I,Very Good,474,0.325228024
0.51,VVS2,I,Ideal,1315,0.326196828
0.42,SI1,G,Ideal,716,0.326352538
0.51,VVS2,F,Very Good,1394,0.327567021
1,SI2,E,Good,4200,0.327776038
0.8,VS2,D,Very Good,4861,0.328153782
0.3,SI1,I,Very Good,453,0.328170371
0.3,VVS1,F,Very Good,612,0.328602283
0.57,SI1,E,Ideal,1448,0.329768392
0.37,IF,H,Ideal,805,0.330200571
1.1,SI1,D,Ideal,6880,0.330224361
1.01,VS1,E,Astor Ideal,6099,0.331455535
1,SI1,J,Very Good,4514,0.332048636
0.54,VS2,F,Very Good,1324,0.332376715
1.18,SI1,I,Ideal,6260,0.332539293
0.6,SI1,I,Ideal,1371,0.332899116
0.71,SI1,J,Ideal,1852,0.333335407
0.36,SI1,E,Very Good,528,0.333558075
0.58,SI1,D,Ideal,1471,0.33387635
0.3,SI2,I,Very Good,387,0.334430816
0.5,VVS2,D,Ideal,1566,0.33470343
0.37,IF,F,Ideal,915,0.33560206
0.33,VVS2,F,Ideal,673,0.336050154
0.51,SI1,F,Very Good,1029,0.336159626
0.31,SI1,D,Ideal,542,0.336163653
1.05,VS2,J,Ideal,5100,0.337212778
0.9,VVS1,G,Very Good,3631,0.338275593
0.45,SI1,D,Ideal,1041,0.339094376
0.93,VVS1,E,Very Good,5138,0.339489519
0.6,SI1,F,Ideal,1656,0.339504615
0.3,VVS1,I,Ideal,532,0.340625264
0.3,VS2,E,Very Good,459,0.341333275
0.26,IF,D,Ideal,744,0.3413581
0.66,VVS1,F,Ideal,3101,0.343610887
1.81,VS2,F,Ideal,17492,0.344353668
0.43,VVS2,E,Very Good,970,0.344770545
0.3,VS1,I,Ideal,506,0.345482855
1,SI2,H,Ideal,4157,0.347503499
0.35,VVS2,E,Ideal,800,0.349173259
0.45,VS2,H,Good,571,0.349747477
1.05,VS2,H,Ideal,6701,0.349862799
0.3,SI2,G,Ideal,436,0.351494865
0.5,VS2,G,Very Good,1313,0.351915574
0.25,VVS1,G,Ideal,539,0.352204958
0.7,VS1,D,Very Good,2339,0.353025553
0.7,SI2,E,Good,1737,0.353527474
0.54,SI1,J,Astor Ideal,1001,0.354153416
0.51,SI2,I,Very Good,774,0.355361039
0.5,VVS1,G,Very Good,871,0.355528902
0.33,VVS1,D,Ideal,829,0.356699134
0.33,IF,E,Ideal,846,0.357077811
0.72,SI2,G,Very Good,1819,0.357176924
3.01,VVS1,H,Ideal,54674,0.358725085
1.28,VVS1,F,Ideal,11361,0.358872989
1.23,SI2,D,Very Good,6418,0.359353882
0.7,VS1,D,Ideal,2599,0.359897482
0.26,VS1,D,Ideal,692,0.360791124
1.01,VS1,G,Very Good,4150,0.362148075
2.5,VVS1,G,Ideal,46069,0.362162814
1.02,SI1,G,Ideal,6368,0.362333061
0.29,FL,D,Ideal,1072,0.362588227
1.51,VS1,F,Very Good,10905,0.362798503
0.3,VS1,I,Ideal,494,0.363067843
0.52,VS1,G,Ideal,1715,0.363595505
0.36,VS2,E,Ideal,680,0.363879943
0.51,SI2,E,Very Good,870,0.364705107
0.3,VS2,G,Ideal,493,0.365832735
0.3,VS2,E,Very Good,539,0.366241879
0.5,VVS2,D,Very Good,1146,0.366658059
1.29,VVS1,H,Ideal,9447,0.366850837
0.7,SI2,D,Good,1713,0.367054295
0.7,SI2,J,Very Good,1565,0.367445167
0.31,SI2,D,Ideal,460,0.368379828
2.02,VVS2,H,Very Good,21771,0.368455511
0.46,SI2,H,Ideal,759,0.368549706
0.8,VS2,J,Ideal,2375,0.368858337
0.24,VS1,D,Ideal,541,0.369137797
0.5,VS1,F,Very Good,1376,0.36996484
2.01,VS2,H,Very Good,18373,0.370477465
1.3,VS2,G,Ideal,8810,0.37148894
1.18,VS2,G,Astor Ideal,6299,0.371791228
0.5,SI1,I,Ideal,1194,0.372156503
0.51,SI2,J,Ideal,951,0.372631263
0.3,SI2,F,Very Good,412,0.373077765
2,VS1,E,Very Good,20635,0.373855266
1.71,SI1,H,Ideal,12464,0.374516965
0.31,VVS1,G,Ideal,562,0.37453001
0.3,VVS2,I,Very Good,490,0.374545081
0.3,VVS1,F,Ideal,613,0.374747225
0.72,SI2,F,Ideal,1934,0.374774231
1,SI2,G,Ideal,4456,0.375039326
0.38,SI1,G,Ideal,617,0.375775509
1.2,VVS1,J,Ideal,6428,0.37600461
0.3,SI1,I,Ideal,420,0.376041237
0.31,VS2,E,Ideal,506,0.376183395
0.33,VVS2,F,Ideal,794,0.376591036
5.01,VS1,F,Ideal,193166,0.377159454
0.45,VS2,G,Ideal,1079,0.377454608
1.7,VVS1,F,Ideal,19092,0.377490087
2.02,VVS1,H,Very Good,20670,0.378287964
0.3,VVS2,F,Ideal,548,0.379265521
1.01,SI2,G,Good,3986,0.379330243
0.37,VVS2,E,Very Good,513,0.38077659
0.41,SI1,I,Ideal,768,0.380843771
0.8,VVS2,F,Ideal,4661,0.381473554
1.2,VVS2,G,Ideal,9341,0.381887485
0.5,VS1,G,Ideal,1652,0.382074468
0.49,VVS2,I,Very Good,595,0.382436607
0.3,VVS1,F,Ideal,673,0.382554003
0.4,VS2,D,Ideal,886,0.382697816
0.42,SI2,H,Ideal,612,0.382836742
1.54,SI1,H,Ideal,12492,0.383153244
1,VS2,I,Ideal,5465,0.383375764
0.4,SI1,E,Very Good,609,0.38518369
0.9,SI2,J,Very Good,1850,0.385370443
0.41,VVS1,G,Ideal,977,0.386072492
1.4,VS2,G,Ideal,10153,0.386674384
1.08,SI1,D,Very Good,4040,0.387312913
0.57,VVS1,E,Ideal,2151,0.387584161
0.3,VVS1,D,Ideal,691,0.387780429
0.72,SI2,F,Good,2209,0.388026127
0.34,VS1,H,Ideal,582,0.388172721
0.31,VVS1,I,Ideal,522,0.389010253
1.12,IF,D,Ideal,19584,0.389063824
0.4,SI1,G,Ideal,671,0.389447234
0.7,VS2,F,Ideal,2717,0.389494173
0.34,VVS2,E,Ideal,657,0.390177155
0.93,VVS1,H,Very Good,4231,0.391277882
1,VVS2,F,Ideal,7909,0.391691442
0.7,SI2,G,Very Good,1550,0.391760998
4.06,VS2,I,Ideal,58249,0.391996171
1.6,VVS1,J,Ideal,9420,0.39228216
0.43,SI2,F,Very Good,639,0.392292739
1.14,VVS2,D,Very Good,8961,0.392969525
0.51,VVS1,F,Ideal,1937,0.394651399
0.7,VS1,D,Very Good,2703,0.39545409
0.34,VS1,H,Ideal,608,0.396527229
2.42,VVS2,F,Very Good,22553,0.396534972
0.93,SI1,J,Very Good,2021,0.397644129
1.15,VS1,H,Ideal,6788,0.397688135
1.02,SI1,H,Ideal,4981,0.397754483
0.51,VVS2,F,Very Good,1202,0.398554749
0.55,VVS1,G,Very Good,1206,0.398958692
1.63,SI1,F,Very Good,10571,0.400407302
0.5,SI2,G,Very Good,711,0.400469491
0.91,SI1,D,Very Good,2466,0.401658852
0.81,VS1,E,Very Good,3535,0.401717946
1,IF,D,Ideal,11532,0.401934641
0.5,IF,F,Very Good,1473,0.402081352
1.1,SI1,D,Ideal,7849,0.403888361
1.9,SI2,I,Ideal,11843,0.404438951
1.6,VS1,J,Ideal,9415,0.404855418
0.5,SI2,E,Good,832,0.405655176
1.01,SI1,J,Good,1952,0.40586434
0.45,VS1,G,Ideal,1114,0.406420001
0.3,VS1,E,Ideal,596,0.406464091
0.3,VS1,H,Ideal,563,0.407757771
4.02,SI2,F,Ideal,38916,0.408340319
0.62,VS1,D,Ideal,2164,0.408364175
1.83,VVS1,H,Ideal,18186,0.408775032
0.5,VS2,F,Ideal,1474,0.408804644
0.31,VVS1,I,Ideal,509,0.408953282
0.57,VVS2,J,Ideal,1341,0.409658933
0.3,VVS1,J,Ideal,463,0.410091237
0.7,VS1,E,Very Good,2847,0.411650269
1.96,VS2,I,Very Good,11138,0.411658619
0.4,SI2,G,Ideal,744,0.411741918
0.58,VS1,I,Ideal,1467,0.411934149
2.28,SI1,G,Ideal,21257,0.412242739
0.4,SI1,H,Ideal,670,0.412617317
1.51,VS1,F,Ideal,16669,0.413091724
2.2,VVS1,D,Very Good,29101,0.41334607
1.64,IF,D,Ideal,32604,0.413947758
0.9,VS1,H,Very Good,2805,0.415127467
0.33,SI1,F,Ideal,555,0.415490817
0.54,VS2,H,Ideal,1493,0.415543735
0.5,SI1,G,Very Good,1269,0.415746336
0.33,VVS2,I,Ideal,441,0.416494307
0.82,VS1,D,Very Good,4910,0.416680641
0.5,VS1,I,Ideal,1386,0.41670757
0.55,VS1,G,Ideal,1640,0.416739929
0.5,VS1,H,Ideal,1391,0.418933229
0.36,SI2,J,Ideal,459,0.419488427
0.81,VS1,E,Very Good,3476,0.420005852
0.5,VS1,F,Ideal,1360,0.420024147
0.51,VS1,G,Very Good,856,0.420137474
1.4,SI1,E,Ideal,10903,0.420931148
0.3,VS2,E,Ideal,575,0.4209646
0.36,VVS1,J,Ideal,629,0.421129186
0.6,VS1,D,Ideal,2212,0.422062552
1.41,SI2,D,Ideal,10133,0.422271524
0.5,SI2,F,Very Good,854,0.423007362
0.5,VS1,D,Good,1781,0.423115397
3.01,VS1,G,Very Good,49304,0.423418552
0.25,VS2,E,Ideal,486,0.425086815
0.54,VS2,F,Ideal,1548,0.425763277
0.79,IF,H,Very Good,3262,0.425953565
0.4,VVS2,I,Ideal,755,0.426117287
0.6,VS1,E,Very Good,1765,0.426556553
2.01,SI1,F,Very Good,15351,0.426633755
0.7,VVS2,D,Very Good,2528,0.426647408
0.3,VVS2,H,Good,529,0.426858875
0.35,VS2,E,Ideal,661,0.427671443
0.35,VVS2,F,Ideal,713,0.427677437
0.4,VVS1,J,Ideal,771,0.427738126
0.61,VS2,G,Astor Ideal,1682,0.428425363
0.24,VS1,D,Very Good,322,0.429043382
2.08,SI1,E,Very Good,21563,0.42911276
0.3,IF,I,Very Good,522,0.43503255
0.31,SI2,F,Ideal,388,0.436422236
0.4,VVS2,I,Ideal,911,0.436653528
0.63,VVS1,E,Very Good,2248,0.43675692
0.56,SI1,I,Ideal,1306,0.437837163
0.32,SI1,D,Ideal,538,0.439238717
1.52,VVS1,H,Very Good,9689,0.439983598
0.31,VVS1,E,Ideal,712,0.440009541
0.53,SI2,E,Ideal,1167,0.440635529
0.5,VS1,F,Very Good,1594,0.441345921
1.01,VS2,G,Ideal,6559,0.441967843
1.02,VS2,J,Very Good,3333,0.442117046
0.38,SI2,F,Ideal,695,0.44249249
1.4,FL,F,Very Good,13733,0.443408579
0.5,SI2,G,Very Good,1035,0.443837447
0.51,VS1,I,Ideal,1370,0.444716202
1.99,VS1,D,Very Good,21379,0.444831695
0.3,SI2,G,Very Good,332,0.445267456
1.07,VS1,H,Astor Ideal,8511,0.445681851
0.71,SI2,G,Very Good,2225,0.447374963
1.01,VS2,F,Very Good,5730,0.447863492
0.4,VS1,H,Ideal,782,0.447948414
0.51,VS1,G,Very Good,1732,0.448817876
0.32,VVS1,I,Ideal,566,0.449359692
0.7,VVS2,I,Ideal,2048,0.449719537
0.8,VS2,F,Ideal,3864,0.450400493
0.7,SI2,F,Ideal,1861,0.452703152
0.57,SI1,E,Ideal,1607,0.452801434
0.23,VS1,E,Very Good,376,0.452974999
0.3,SI2,H,Ideal,370,0.453844951
0.5,SI2,F,Very Good,1047,0.454125859
0.41,VS2,G,Ideal,810,0.455334958
1.3,VS2,D,Ideal,11474,0.456154604
0.41,VS1,G,Ideal,1087,0.456424473
0.52,VS1,I,Ideal,1406,0.45683031
3.2,VVS2,G,Very Good,53794,0.45692956
3.01,VS2,H,Very Good,39317,0.457185453
0.4,SI1,D,Ideal,854,0.458088161
0.5,SI2,F,Ideal,1228,0.458605941
0.61,VVS2,I,Ideal,1640,0.459530139
5.02,VVS2,I,Very Good,123311,0.459987227
1.07,VVS2,D,Ideal,11112,0.461009791
0.41,VVS1,D,Ideal,1040,0.461050967
1.01,SI2,G,Very Good,3454,0.462491613
0.35,VS1,I,Ideal,601,0.462754754
0.35,VS1,G,Ideal,631,0.463237325
1.3,VS1,D,Ideal,11348,0.463244402
1.21,VVS2,H,Ideal,8468,0.463715586
2.5,VS1,F,Very Good,23176,0.46378831
0.23,VVS2,F,Ideal,452,0.464145126
0.41,VS2,E,Ideal,935,0.4644986
0.5,VS2,F,Very Good,932,0.465707599
0.6,SI1,I,Ideal,1481,0.466349074
0.5,VVS1,F,Very Good,1425,0.467873685
0.5,SI2,D,Ideal,1014,0.467964718
0.4,SI1,D,Very Good,930,0.468178897
0.3,VVS1,I,Ideal,524,0.46856481
0.5,VS2,E,Ideal,1335,0.469022117
1.17,VS2,D,Ideal,11100,0.469045746
0.71,VS2,H,Ideal,2530,0.469483556
0.33,VS2,D,Ideal,767,0.470278936
0.43,VS2,E,Ideal,936,0.470460388
3.16,SI2,H,Ideal,32272,0.470673102
0.5,VS2,D,Very Good,1329,0.471001976
1.2,SI1,E,Very Good,5972,0.471810073
0.42,SI1,E,Ideal,723,0.472118674
0.5,VS1,E,Ideal,1648,0.472201084
0.31,SI2,E,Ideal,448,0.472403532
1.01,VS2,E,Ideal,7105,0.472420398
0.5,SI1,F,Good,796,0.47260733
0.5,VS1,I,Good,1107,0.472663994
0.33,VVS1,F,Ideal,756,0.472858369
2,SI2,D,Very Good,19204,0.473020363
0.5,VVS1,I,Very Good,1300,0.473304996
0.34,VS1,H,Ideal,739,0.473620465
1.04,SI2,H,Ideal,5413,0.473734571
0.4,VS1,J,Ideal,744,0.473851233
0.5,VS1,H,Good,1017,0.475052866
0.3,SI2,F,Ideal,378,0.476178602
0.32,VVS2,D,Ideal,722,0.476202195
0.54,SI1,D,Ideal,1475,0.476440227
2.32,VVS2,D,Ideal,53202,0.476578867
0.5,VS2,F,Ideal,1358,0.47919614
1,SI2,E,Good,4980,0.480069054
1.4,SI1,D,Ideal,10729,0.481006536
0.25,VS2,F,Ideal,521,0.481188505
1.02,IF,E,Ideal,11027,0.483413499
0.5,VS1,E,Ideal,1594,0.483497939
0.7,SI1,F,Ideal,2591,0.484951127
0.37,VS2,G,Ideal,641,0.48503529
0.45,VS1,J,Good,1137,0.485193147
0.5,VVS1,I,Ideal,1449,0.485783272
0.4,VS1,G,Very Good,788,0.485851141
0.52,VVS1,G,Ideal,1563,0.485945548
0.93,IF,H,Ideal,6246,0.486387802
0.46,SI1,F,Ideal,841,0.486543461
0.51,VVS2,J,Ideal,1247,0.486938525
1.01,VVS2,D,Very Good,6515,0.487410368
0.5,SI1,D,Ideal,1423,0.487793232
0.75,SI2,F,Very Good,1988,0.487906549
1.02,VVS1,D,Ideal,8246,0.488631399
0.3,SI1,H,Ideal,479,0.489573237
1,SI2,E,Ideal,4491,0.489800967
0.5,VS1,I,Ideal,1293,0.489877874
0.31,VS2,E,Ideal,571,0.490013181
0.5,VS2,F,Ideal,1485,0.490040851
0.5,SI1,E,Very Good,1296,0.490227827
0.71,SI1,E,Ideal,2460,0.49088544
3.01,VVS1,H,Very Good,35911,0.492571534
0.72,VVS2,E,Very Good,2654,0.49273933
1.3,VVS2,F,Ideal,11693,0.493415386
0.4,VS1,F,Ideal,1134,0.493580249
0.52,VVS1,D,Ideal,2142,0.494547191
4.03,SI1,E,Ideal,63612,0.495687234
0.7,VS1,F,Very Good,2462,0.495867767
0.9,VS2,H,Very Good,3907,0.495877424
0.38,VVS1,F,Ideal,1045,0.496342843
0.71,VVS1,F,Ideal,3005,0.496652742
0.46,VVS1,D,Ideal,1354,0.499183749
0.24,IF,I,Ideal,405,0.499570622
1,SI2,G,Ideal,4970,0.500227374
0.69,VS2,D,Good,2544,0.500366415
0.42,IF,H,Ideal,949,0.500666872
0.4,VS1,G,Very Good,827,0.500954378
0.55,VVS1,H,Ideal,1553,0.501101067
1,SI2,D,Good,3989,0.501795697
0.5,VS2,J,Good,1023,0.502591164
5.07,VS1,E,Ideal,265591,0.502762752
0.51,VS1,E,Very Good,1258,0.50347354
1.6,SI1,G,Ideal,13811,0.50347858
1.46,IF,J,Ideal,8834,0.50356151
0.7,VS2,J,Very Good,1507,0.503953875
0.4,VVS1,J,Ideal,747,0.506459257
0.5,SI1,G,Ideal,1261,0.506516153
0.52,VVS2,J,Ideal,1135,0.506922786
0.9,IF,G,Very Good,3654,0.507704315
0.5,VS2,H,Very Good,916,0.508001389
1.5,SI1,G,Very Good,9003,0.508244418
0.23,VVS1,F,Ideal,437,0.50845781
0.3,VVS1,H,Ideal,502,0.508670423
0.3,SI1,I,Very Good,450,0.510882404
1.53,VS1,H,Ideal,13675,0.511627391
2.01,VVS1,H,Very Good,15249,0.511692723
0.59,IF,I,Ideal,1550,0.512175178
0.51,VS2,I,Ideal,1308,0.512210488
4.01,VS2,I,Ideal,55815,0.512221383
0.51,VS1,G,Very Good,1240,0.512369139
0.32,VS1,E,Ideal,612,0.512799468
0.71,VS1,G,Good,1903,0.512848574
0.3,VS2,G,Very Good,500,0.514440946
0.35,VVS2,D,Ideal,838,0.514558659
0.3,VS2,G,Ideal,472,0.514755247
3.17,VS1,J,Ideal,31110,0.51512218
0.33,IF,I,Ideal,622,0.515233874
0.46,VVS2,G,Ideal,1290,0.51529405
0.81,SI1,J,Very Good,1756,0.51596
0.31,SI1,E,Ideal,546,0.517814764
2.27,SI1,I,Ideal,18806,0.518048594
1,SI2,G,Ideal,4784,0.518539985
0.53,SI1,F,Ideal,1633,0.518960997
2.06,VS2,F,Very Good,20459,0.519754627
1.54,SI1,F,Very Good,9333,0.520028983
0.24,VVS2,F,Ideal,567,0.520281756
0.4,VVS2,D,Ideal,1262,0.520340917
0.34,SI1,F,Ideal,585,0.520532373
1.01,SI2,E,Very Good,3890,0.521571336
0.5,SI2,I,Ideal,1035,0.522037613
0.5,VS1,D,Very Good,1555,0.522063849
0.7,SI1,H,Very Good,1844,0.522128301
0.5,VS1,D,Ideal,1622,0.522480924
0.5,SI1,D,Ideal,1423,0.522850998
3.01,VVS2,D,Very Good,52663,0.523522993
0.4,VVS1,F,Very Good,978,0.523678084
1,SI2,D,Good,4401,0.524649006
0.5,VS1,F,Ideal,1468,0.524866361
2.02,SI2,H,Very Good,15294,0.524997613
0.4,VS1,F,Very Good,814,0.525244902
1.04,VS2,D,Very Good,6768,0.525983601
0.97,VS2,F,Very Good,4682,0.526131381
0.5,SI1,E,Ideal,1245,0.526385015
0.3,VVS1,E,Ideal,700,0.526429358
0.5,SI1,E,Ideal,1397,0.527015125
1.01,VVS1,E,Very Good,7464,0.527962989
0.53,VVS2,E,Ideal,1983,0.530022482
1,VVS2,F,Ideal,7475,0.530202061
0.9,VS2,J,Very Good,3037,0.530354184
0.38,VS2,G,Ideal,770,0.530715599
1,SI1,F,Good,4023,0.531368102
0.23,VVS2,I,Ideal,354,0.531770247
0.53,SI1,G,Ideal,1415,0.532778751
0.5,VVS1,I,Ideal,1199,0.533124225
1.8,VS1,J,Ideal,11419,0.534044408
1.73,SI1,G,Very Good,12386,0.534346769
0.5,VVS2,G,Ideal,1527,0.534487942
1.01,SI2,H,Very Good,3707,0.534996934
0.33,VS2,H,Ideal,593,0.535050159
0.57,VS1,I,Ideal,1367,0.535804205
0.3,SI2,I,Ideal,386,0.536384995
0.34,VVS2,J,Ideal,610,0.538534191
0.52,VVS2,D,Ideal,2144,0.538586522
0.5,VS2,I,Very Good,725,0.538730489
0.51,VS2,F,Ideal,1504,0.539172329
0.55,VS1,G,Very Good,1165,0.539358604
2.03,VS1,D,Ideal,33993,0.540502698
0.79,VVS1,H,Very Good,2825,0.541401173
0.4,SI2,E,Ideal,618,0.541859892
0.33,VVS1,G,Ideal,620,0.542744322
0.47,VS1,G,Very Good,870,0.542899823
0.51,SI1,D,Ideal,1422,0.543189357
1.06,IF,F,Ideal,8867,0.543675681
0.3,VVS2,I,Ideal,548,0.544010199
0.24,VS2,D,Ideal,493,0.544539617
1,VS1,E,Ideal,6417,0.544908472
0.7,SI1,F,Very Good,2178,0.545520154
0.3,VS1,F,Ideal,538,0.54632548
1.01,VS1,E,Very Good,6406,0.54657573
0.83,VS2,D,Very Good,2750,0.54676485
0.5,VVS1,G,Very Good,1337,0.547597279
1.57,VS1,J,Ideal,8820,0.547883869
0.4,VS1,E,Ideal,871,0.548015811
0.33,SI1,F,Ideal,507,0.54892135
0.3,VS2,D,Ideal,560,0.548937116
1,SI2,G,Very Good,2681,0.549140608
1.07,VS1,D,Ideal,9086,0.549423283
1.9,SI1,F,Ideal,19092,0.550002128
0.91,SI1,D,Ideal,5088,0.55090773
0.95,SI1,F,Good,4382,0.552283974
0.31,IF,H,Very Good,571,0.55547663
1.01,VS1,F,Good,5180,0.556203401
1.03,VS1,G,Ideal,6268,0.556601746
0.7,VS1,J,Very Good,1424,0.557704538
0.3,SI1,D,Ideal,553,0.558713099
3,SI1,E,Very Good,44478,0.558823954
1.01,IF,E,Ideal,10385,0.559965608
0.45,VS1,D,Very Good,980,0.560426549
1.21,SI2,J,Good,4556,0.560760924
0.3,VVS1,I,Ideal,596,0.560782254
1,SI1,I,Very Good,4414,0.563783036
1.3,SI1,G,Ideal,7862,0.564782877
0.51,VVS2,D,Ideal,1793,0.564897237
0.55,VS1,I,Good,980,0.56500639
0.35,VS2,F,Ideal,614,0.565520836
0.4,VVS1,H,Ideal,922,0.565923567
0.56,SI1,F,Very Good,1335,0.566115581
0.3,SI1,E,Ideal,525,0.567946534
0.3,VS1,D,Ideal,617,0.568119323
0.5,VVS1,I,Very Good,1284,0.568231676
1.51,VVS1,E,Very Good,17453,0.568539875
0.52,VVS2,F,Astor Ideal,2409,0.569678866
0.41,VS1,D,Ideal,1006,0.570062737
0.5,SI2,F,Very Good,844,0.570256598
1.03,SI1,F,Ideal,6358,0.570322183
1.8,VVS1,I,Ideal,14185,0.571916843
1.7,VS1,E,Ideal,19894,0.573128073
0.9,VVS1,E,Very Good,5579,0.573318742
1,SI2,I,Very Good,3392,0.573692053
0.39,VVS1,E,Good,617,0.574083678
0.6,VVS2,E,Very Good,1932,0.57411349
0.31,VVS2,I,Ideal,545,0.574970085
0.4,VVS1,E,Very Good,889,0.576275511
0.59,SI2,G,Ideal,1238,0.577400991
1.01,VS1,F,Ideal,8714,0.577760931
0.36,VVS2,G,Ideal,680,0.57814454
0.31,SI1,F,Ideal,502,0.581486212
0.71,VVS2,G,Ideal,2649,0.581505862
2.01,VS1,G,Ideal,26564,0.581979651
0.75,VVS2,F,Very Good,3479,0.582090533
0.55,SI2,H,Ideal,1129,0.582573628
1,VS2,G,Ideal,6978,0.582983985
0.7,SI1,H,Good,2364,0.583143463
0.3,VVS1,J,Ideal,493,0.583945502
0.31,VS1,H,Ideal,564,0.58400705
1.79,SI2,I,Very Good,9913,0.584771108
0.8,VS1,G,Ideal,3853,0.585210553
0.4,SI1,G,Ideal,686,0.585407107
0.9,VS1,I,Very Good,3226,0.586109665
0.59,VS2,F,Very Good,1034,0.586497477
1.25,VVS1,I,Ideal,6968,0.586540088
3.01,VVS2,J,Ideal,31728,0.586846439
0.4,SI1,G,Ideal,667,0.586881978
0.3,SI2,H,Very Good,502,0.587027165
1.5,SI1,H,Very Good,9128,0.587851647
0.33,VVS1,F,Ideal,623,0.588036356
4.03,VS2,E,Good,109744,0.589757412
0.3,SI2,F,Ideal,366,0.589816359
0.42,VVS2,I,Ideal,677,0.591089751
0.5,VVS1,D,Good,1392,0.591894302
3.01,VS1,I,Very Good,34917,0.592587299
0.42,SI2,I,Ideal,647,0.593416092
1,VS2,H,Ideal,6098,0.59350071
0.56,VS1,F,Ideal,1631,0.593687758
0.5,VS2,G,Good,1212,0.594451036
0.32,VS2,D,Ideal,650,0.59530775
0.65,IF,F,Ideal,3263,0.595826797
3.12,VS2,E,Very Good,63038,0.596252809
0.3,VS2,E,Very Good,434,0.596605613
1.01,SI1,D,Ideal,6324,0.596864624
0.5,VVS2,F,Very Good,1065,0.597941945
1.01,VVS2,H,Very Good,4646,0.598465363
1.01,SI1,J,Very Good,3707,0.601370569
1.09,VS2,I,Ideal,6204,0.603209477
2.01,SI1,E,Ideal,18772,0.603339305
0.51,VS2,H,Ideal,1367,0.603618569
0.51,SI1,F,Very Good,1013,0.604109651
1,VS1,J,Ideal,5028,0.605161152
1.01,VVS2,F,Ideal,6842,0.60584488
1.71,VS1,E,Ideal,20009,0.605896388
0.7,SI1,F,Very Good,2082,0.606085209
0.7,SI1,D,Ideal,2322,0.606323477
0.82,VS2,E,Very Good,2998,0.606799017
1.05,VS1,F,Ideal,8756,0.607031218
0.3,SI1,I,Very Good,407,0.607342178
0.53,VVS1,F,Ideal,1940,0.607358318
0.57,VVS2,I,Ideal,1385,0.607618564
0.3,SI1,E,Very Good,477,0.607962804
0.7,SI1,F,Very Good,2136,0.609154797
1.52,SI1,G,Very Good,8996,0.6093115
0.5,VS1,E,Very Good,1480,0.609646211
0.7,VS2,E,Very Good,2026,0.609880971
0.32,VVS2,J,Ideal,534,0.6099244
0.3,VS2,G,Very Good,435,0.611321667
0.57,SI1,H,Ideal,1494,0.611758184
0.4,VVS2,E,Ideal,950,0.612326632
1,SI1,I,Very Good,3259,0.612387429
1.06,VVS1,F,Ideal,9616,0.612547693
1.02,SI1,G,Ideal,5791,0.612828474
0.7,VVS2,E,Very Good,2545,0.613840956
1,VS1,D,Ideal,9018,0.614530695
0.5,VVS1,I,Good,1120,0.614604082
0.3,SI2,H,Very Good,435,0.614885084
2,VS2,E,Ideal,26150,0.615410309
1.01,SI1,D,Very Good,5477,0.615533998
0.5,SI2,G,Very Good,1064,0.615652686
0.55,VS1,J,Ideal,1246,0.616370266
0.27,VS1,E,Very Good,757,0.616722857
4.23,VVS2,I,Very Good,71628,0.617891254
1.25,SI1,F,Ideal,7066,0.619017204
0.6,SI1,G,Ideal,1991,0.619152578
1.21,SI1,F,Ideal,7865,0.61954063
1.01,SI2,G,Ideal,4995,0.619946743
0.3,VS1,D,Ideal,550,0.620038209
2.22,VVS2,F,Ideal,37216,0.620437918
1.11,SI2,D,Very Good,4224,0.620834069
0.32,VVS1,F,Ideal,615,0.621294901
0.3,SI2,D,Ideal,436,0.621584256
0.5,VS2,J,Ideal,1097,0.622056306
0.54,IF,I,Ideal,1419,0.622822127
0.5,SI1,E,Ideal,1397,0.623132693
0.3,SI2,G,Ideal,410,0.623301519
0.3,VVS1,I,Ideal,524,0.623561889
0.24,VVS2,F,Ideal,573,0.623899762
0.25,SI2,F,Very Good,328,0.624086514
0.34,VS1,F,Ideal,654,0.624263946
0.4,VVS1,D,Very Good,908,0.624402475
0.63,SI1,D,Ideal,1655,0.624578506
0.33,VS1,D,Ideal,672,0.624764089
0.51,SI2,I,Very Good,987,0.625509781
0.3,SI1,I,Ideal,418,0.625562912
0.3,VVS2,D,Ideal,589,0.626590887
0.35,SI1,F,Astor Ideal,595,0.626678924
0.7,SI1,F,Very Good,2212,0.627227214
1,VS2,F,Ideal,6931,0.627247695
0.5,VS1,G,Very Good,1254,0.627502225
1.2,SI2,E,Very Good,5643,0.628164126
0.7,VS1,J,Very Good,1891,0.62833557
1,VS1,J,Ideal,4669,0.628866679
0.5,SI1,G,Ideal,1271,0.629293176
0.26,VVS1,E,Ideal,600,0.630137071
0.24,SI1,G,Ideal,371,0.630338734
0.4,VVS2,D,Very Good,838,0.631241851
0.31,SI1,I,Ideal,424,0.631598813
0.24,VS1,E,Ideal,395,0.63256967
4.71,VVS1,D,Ideal,192351,0.63279287
0.61,VS2,H,Ideal,2174,0.633952063
1.01,SI1,H,Very Good,4468,0.634007617
0.3,SI2,G,Ideal,408,0.634381429
0.31,SI1,F,Ideal,488,0.635690119
0.58,VVS1,H,Ideal,2080,0.635704271
0.54,VVS2,G,Ideal,1679,0.636646243
0.35,VS1,F,Ideal,648,0.638559155
0.3,VS2,G,Very Good,522,0.639445734
0.51,SI1,I,Ideal,1230,0.639725125
1.51,SI1,H,Ideal,9920,0.640010133
0.5,SI1,D,Ideal,1283,0.64011241
0.3,SI2,I,Very Good,387,0.640726888
0.32,SI2,F,Ideal,443,0.640736479
0.51,VVS1,G,Very Good,1139,0.640872178
0.56,VVS2,F,Astor Ideal,2594,0.640990218
0.3,SI1,I,Good,426,0.641400305
2.5,SI2,I,Ideal,20213,0.642030275
0.91,SI1,J,Very Good,2256,0.642953105
0.5,VS1,H,Good,1560,0.643082667
1,SI1,G,Good,4412,0.646628516
5.01,VS1,H,Ideal,131045,0.646795805
5,VS1,D,Very Good,128694,0.64767623
1.02,SI1,E,Ideal,5833,0.64836477
0.4,VS2,I,Ideal,691,0.649243091
0.79,VS2,I,Ideal,2798,0.649795287
1.7,SI1,H,Ideal,12240,0.650254074
0.33,VVS1,G,Ideal,616,0.650293779
0.4,VVS2,I,Very Good,684,0.6508697
1,VVS2,D,Good,6673,0.651234782